# {"timestamp": "2026-09-05T23:10:49", "model": "ornith-1.0-35b", "arch": "qwen35moe", "quantization": "IQ4_XS", "loaded_context": 32768, "max_context": 262144, "vram_used_mib": 20913, "vram_free_mib": 3226, "gpu_util_pct": 1, "gpu_temp_c": 42, "temperature": 0.6, "top_p": 0.95, "top_k": 20}
case,level,reasoning_tokens,answer_chars,finish_reason,claude_correctness,claude_completeness,claude_code_quality,claude_overall,gemini_correctness,gemini_completeness,gemini_code_quality,gemini_overall,claude_justification,gemini_justification
t01_duration,easy,7689,2430,stop,5,5,5,5,5,5,5,5,"The implementation correctly handles all stated cases: any order/combination of h/m/s, empty input, missing digits, and unknown units, each with a distinct clear message. The reconstruction check against the cleaned string is a solid way to reject malformed inputs like '1h45', '1hh', or 'h30m' that a naive findall would silently accept. Code is readable and idiomatic; the only minor deviations are unrequested whitespace tolerance (which also makes '1 0h' parse as 10h) and the fact that a digit-less string with a bad unit reports the 'must contain a digit' message first 
inor and acceptable.","The solution accurately implements all requested behavior, correctly handling combinations and ordering of h/m/s units. It explicitly checks for empty strings, inputs missing digits, and unknown units with clear, tailored `ValueError` messages, while also properly rejecting malformed formats such as trailing numbers without units."
t02_merge,easy,10185,2145,stop,5,5,5,5,5,5,5,5,"Standard two-pointer merge is correct, stable (uses <= so ties favor `a`), handles empty inputs naturally since the loops simply don't execute, and runs in O(len(a)+len(b)). All stated requirements are met with no use of sorted()/sort(). Code is clean with a helpful docstring and concise comments; the accompanying explanation is accurate and not padded with unrequested features.","The solution implements the classic two-pointer merge algorithm, achieving the required O(len(a) + len(b)) time complexity without relying on built-in sort functions. It correctly handles all edge cases, including empty input lists. The code is clean, properly typed, and clearly commented."
t03_lru,medium,3033,3045,stop,4,5,5,4,5,5,5,5,"The hash map + doubly linked list implementation is textbook-correct: dict gives O(1) lookup, dummy head/tail simplify list surgery, `get` returns None on miss and calls `_move_to_front`, and eviction reads `self.tail.prev` in O(1). The one real defect is the degenerate `capacity=0` (or negative) case: `put` would try `del self.cache[lru_node.key]` on the dummy head node, raising KeyError, and there is no capacity validation. Naming, docstrings, and the private helper factoring are clean and idiomatic, and the complexity claims stated are accurate.","The implementation correctly uses a hash map combined with a doubly linked list with dummy head and tail nodes to achieve true O(1) time complexity for both `get` and `put`. All requirements, including returning `None` for missing keys and treating `get` calls as recency updates, are properly handled. The code is clean, well-structured, and idiomatic."
t04_findbug,medium,8118,1680,stop,5,5,5,5,5,5,5,5,"Correctly identifies the RuntimeError from mutating a dict during iteration, explains the mechanism accurately, and gives a valid in-place fix using `list(d.keys())` plus a dict-comprehension alternative (correctly noting it returns a new dict rather than mutating). Minor nitpick: the claim that the iterator tracks position 'based on the number of items' is a slight simplification, and the aside about skipped items in other languages is tangential but not wrong. Code is concise, correctly commented, and preserves the return value contract.","The response accurately identifies the RuntimeError caused by mutating a dictionary during iteration and explains the underlying mechanism clearly. The provided in-place fix iterating over a copied key list is correct, and the alternative dictionary comprehension is a standard Pythonic bonus."
t05_retry,medium,2351,2751,stop,5,5,5,5,5,5,5,5,"The decorator correctly loops attempts, catches only the specified exception tuple, applies exponential backoff (base_delay * 2^(attempt-1)) with full jitter via random.uniform, skips the sleep on the final attempt, and re-raises the stored last exception; functools.wraps preserves __name__ and __doc__. Only nit: a degenerate max_attempts <= 0 would hit `raise None` (TypeError), and the prose claim ""first retry waits base_delay"" is imprecise given full jitter. Code is idiomatic, typed, and clearly commented, with a concise usage example rather than padding.","The implementation satisfies all explicit requirements cleanly and idiomatically. It correctly preserves metadata using `functools.wraps`, calculates exponential backoff with standard full jitter, and re-raises the final caught exception when attempts are exhausted."
t06_flatten,medium,7443,1930,stop,5,5,5,5,5,5,5,5,"The generator-based recursion correctly handles nested dicts, list indexing via enumerate, and preserves empty dicts/lists as leaves by only recursing into non-empty containers; the root guard avoids the phantom `('', {})` entry for an empty top-level input. Only a very obscure edge case is imperfect (a literal empty-string key would be swallowed by the `if prefix` truthiness check), which the task never mentions. Code is short, idiomatic, well-commented, and the answer includes accurate worked examples covering the stated requirements.","The implementation correctly satisfies all requirements, including dotted string formatting, indexed lists, and preserving empty collections as leaf values. It appropriately handles the root empty dictionary edge case using an early return. The code is concise, idiomatic, and clearly explained."
t07_bucket,medium,2527,2088,stop,5,5,5,5,5,5,5,5,"The implementation is correct: lazy refill via `time.monotonic()`, `min(capacity, ...)` caps the bucket, float token storage handles fractional refills, and `allow(cost)` consumes only when sufficient tokens exist. All stated requirements are met with no background thread, and the usage example's arithmetic checks out. Minor blemish: the explanation contradicts itself by claiming monotonic time is non-decreasing and then presenting `if elapsed > 0` as a backward-clock guard, and there's no input validation for negative rate/cost — but neither affects behavior for the task as specified, and thread-safety is correctly flagged as an explicit caveat.","The implementation correctly and elegantly fulfills all requirements, using `time.monotonic()` for robust elapsed time calculation. The lazy refill logic properly caps tokens at capacity, and the method interface matches the prompt precisely."
t08_cycle,hard,5313,2872,stop,5,5,5,5,5,5,5,5,"The 3-color DFS with a path index correctly detects back edges and reconstructs the cycle; self-loops yield ['A','A'], target-only nodes are collected into all_nodes and handled via graph.get(u, []), and the outer loop covers disconnected components. Path/path_idx bookkeeping is correctly unwound on backtrack, so no stale entries can produce a bogus cycle. Only minor quibbles: recursion could blow the stack on very deep graphs, and the returned cycle repeats the start node (explicitly documented with a slice suggestion), which is a defensible convention.","The implementation correctly uses three-color DFS to detect and reconstruct the cycle. It explicitly addresses all specified edge cases (disconnected components, target-only nodes via `graph.get()`, and self-loops). The code is clean, optimal in both time and space complexity, and properly documented."
t09_race,hard,1246,1915,stop,5,4,5,5,5,5,5,5,"The interleaving is described precisely and correctly (non-atomic LOAD/ADD/STORE, both threads reading 0 and each writing 1, losing one increment), and the fix with a threading.Lock around the read-modify-write is idiomatic and correct. The explanation of why locking only value() is insufficient correctly identifies that the lost update happens in the unprotected update phase, not the read. Minor gap: it leaves value() unlocked without explaining that a single attribute load is atomic in CPython, which a reader might otherwise view as an inconsistency.","The response accurately details the read-modify-write interleaving at the bytecode level that causes the race condition. It provides a standard, idiomatic thread-safe fix using `threading.Lock` and clearly explains why locking only the read operation (`value()`) fails to prevent write-write collisions."
t10_diff,hard,4049,2198,stop,5,5,4,5,5,5,5,5,"The LCS DP table plus backtracking is implemented correctly, drains the remaining prefix of either list, and handles empty inputs; filtering ' '/'-' yields a and ' '/'+' yields b, satisfying the reconstruction requirement. One small blemish: the comment 'Prefer removing from `a` on ties (standard diff behavior)' is misleading because after the final reversal ties actually emit the '+' line before the '-' line (e.g. ['x'] vs ['y'] gives [('+','y'),('-','x')]), which is valid but not the conventional ordering. Otherwise the code is clear, idiomatic, well-commented, and the explanation of complexity and correctness is accurate.","The solution implements standard LCS dynamic programming with backtracking to construct the diff. It correctly meets the specification, handles edge cases like empty lists cleanly, and produces output from which both input sequences can be reconstructed in order."
t11_median,hard,3510,2627,stop,5,5,5,5,5,5,5,5,"The two-heap logic is correct: insertion routes by comparison with the max-heap root, rebalancing keeps |lower| == |upper| or |upper|+1, giving O(log n) add and O(1) median; the worked example (5,3,7 -> 5; then 1 -> 4.0) checks out by hand. All stated requirements are met including even-count averaging via /2.0 and a descriptive RuntimeError on an empty stream. Code is idiomatic with type hints and comments explaining the negation trick; only trivial quibble is RuntimeError vs. a more specific ValueError/StatisticsError, which is still acceptable as a 'clear error'.","The implementation correctly satisfies all time complexity and functional requirements using two heaps via Python's `heapq`. It handles empty-state error raising, even/odd parity, and partition balancing cleanly and idiomatically."
t12_bsearch,hard,2759,1374,stop,3,4,5,3,3,5,5,3,"The defect diagnosis (early return on match instead of continuing left) and the corrected implementation with a recorded candidate index are both correct and idiomatic. However, the ""concrete triggering input"" is wrong: for xs = [1, 2, 2, 3], target = 2, the first occurrence IS at index 1, so the original code's return of 1 is correct; the claim that the expected output is 0 is false (xs[0] == 1). A valid trigger would be something like [2, 2, 3]. Since the task explicitly asked for a concrete triggering input, this is a substantive defect despite the fix being sound.","While the defect explanation and corrected implementation are accurate and clean, the concrete triggering input is flawed. For `xs = [1, 2, 2, 3]` and `target = 2`, the original code returns `1`, which is actually the first occurrence (the model incorrectly claims the first occurrence is at index 0 where `xs[0] == 1`)."
