# {"timestamp": "2026-09-05T23:01:04", "model": "ornith-1.0-35b", "arch": "qwen35moe", "quantization": "IQ4_XS", "loaded_context": 32768, "max_context": 262144, "vram_used_mib": 20872, "vram_free_mib": 3267, "gpu_util_pct": 4, "gpu_temp_c": 44, "temperature": 0.6, "top_p": 0.95, "top_k": 20}
case,level,reasoning_tokens,answer_chars,finish_reason,claude_correctness,claude_completeness,claude_code_quality,claude_overall,gemini_correctness,gemini_completeness,gemini_code_quality,gemini_overall,claude_justification,gemini_justification
t01_duration,easy,4096,0,length,1,1,1,1,1,1,1,1,"The model produced no response at all, so there is no function, no error handling, and nothing to evaluate. Per the grading rules, an empty answer scores 1 across every criterion.","The model provided an empty response with no code or explanation. Per the grading rules, an empty answer must be scored 1 across the board. No deliverable was produced to satisfy the prompt's requirements."
t02_merge,easy,1736,1500,stop,5,5,5,5,5,5,5,5,"The two-pointer merge is textbook-correct, runs in O(n+m), handles empty inputs naturally via the loop condition plus trailing slice extends, and uses <= for stability. All stated requirements (no sorted()/sort(), linear time, empty inputs) are met and demonstrated with examples including both-empty and duplicate cases. Code is concise, idiomatic, and appropriately commented; the complexity explanation is accurate.","The solution implements the standard two-pointer merge algorithm in O(len(a) + len(b)) time without using built-in sorting functions. It correctly handles empty inputs as well as remaining elements using slice extensions. The code is clean, well-typed, and accompanied by concise explanations and test cases."
t03_lru,medium,2512,4270,stop,5,5,5,5,5,5,5,5,"The hash map + doubly linked list implementation is correct: sentinel nodes, move-to-end on get and on put-update, eviction of head.next when size exceeds capacity, and `get` returning None for missing keys (though a stored value of None would be ambiguous, that's inherent to the spec). All stated requirements are met and O(1) holds; the OrderedDict alternative is also correct. Code is clean and well-commented; minor nits are the `int | None` annotation (3.10+ only, and values need not be ints) and silently coercing capacity 0 to 1, which is a defensible but undocumented deviation.",The implementation correctly satisfies all functional requirements and achieves O(1) time complexity using a hash map combined with a doubly linked list. Sentinel head and tail nodes are cleanly employed to eliminate edge cases around boundary insertions and deletions. The response also appropriately handles missing keys by returning `None` and includes an idiomatic `OrderedDict` alternative.
t04_findbug,medium,993,1811,stop,5,5,5,5,5,5,5,5,"Correctly identifies the RuntimeError from mutating a dict during iteration, explains the iterator invalidation mechanism, and gives two working fixes (list(d.keys()) snapshot for in-place mutation, and a dict comprehension). It even notes the semantic difference that Option 2 returns a new dict rather than mutating in place, which is the key caveat callers need. Code is clean, idiomatic, and appropriately commented; no defects found.",The response accurately identifies the RuntimeError caused by mutating a dictionary during iteration and clearly explains the underlying iterator mechanism. It provides both an in-place fix iterating over a snapshot of keys and an idiomatic dictionary comprehension alternative.
t05_retry,medium,3400,2747,stop,5,5,5,5,5,5,5,5,"The decorator correctly loops max_attempts times, catches only the given exception tuple, sleeps with full jitter over an exponentially growing delay, skips the sleep after the final attempt, and re-raises the stored last exception; functools.wraps preserves name/docstring. Only nitpicks: `max_attempts=0` would attempt `raise None` (TypeError), and `raise ... from None` discards chaining context, though it is deliberately explained. Code is short, idiomatic, well-commented, and accompanied by a clear usage example and rationale for each design choice.","The implementation correctly satisfies all criteria: it takes the required parameters, uses `functools.wraps` to preserve function metadata, implements exponential backoff with full jitter, and re-raises the caught exception upon exhaustion. The code is concise, idiomatic, and includes clean documentation and examples."
t06_flatten,medium,4096,0,length,1,1,1,1,1,1,1,1,"The model produced no response at all, so there is no code to evaluate. No deliverable means all criteria score the minimum.","The model provided an empty response with no code or explanation. As no deliverable was submitted, all criteria are scored at 1."
t07_bucket,medium,1300,1742,stop,5,5,5,5,5,5,5,5,"The implementation correctly uses time.monotonic() for lazy refill, caps tokens at capacity via min(), and consumes only when sufficient tokens exist — all stated requirements are met including no background thread. Edge cases implied by the task (fractional rates, clock jumps, cost > available) are handled sensibly; cost > capacity correctly returns False forever, and negative-argument validation was not requested. Code is concise, typed, and documented; the only nit is the absence of a lock for thread safety, which was not part of the task.","The implementation correctly satisfies all stated requirements, using `time.monotonic()` for robust lazy refilling and capping tokens at capacity. The code is concise, clean, and properly typed."
t08_cycle,hard,3852,982,length,1,1,1,1,1,1,1,1,,"The response is abruptly cut off mid-function and contains an unclosed code block, resulting in a syntax error. The DFS helper function is never finished, backtracking/coloring is incomplete, and the outer loop over the graph's nodes is missing entirely."
t09_race,hard,1473,2617,stop,5,5,5,5,5,5,5,5,"The answer correctly decomposes `self.n += 1` into read-modify-write and gives a concrete step-by-step interleaving where T2's stale read overwrites T1's store, yielding 1 instead of 2. The corrected implementation with `threading.Lock` and `with self.lock` in both methods is idiomatic and correct, and the explanation that locking only `value()` protects reads while leaving the write race intact is on point. Small blemish: the illustrative scenario in the final section is muddled (""reads n=1 (or 0, depending on timing) ... writes n=2 (based on old read of 0...)""), and it omits the CPython detail that reading an int attribute is already effectively atomic, but neither undermines the answer.","The explanation clearly details the read-modify-write interleaving using a step-by-step table. The corrected code idiomatically uses `threading.Lock` with context managers for both methods, and the response thoroughly explains why locking only `value()` does not prevent write corruption."
t10_diff,hard,4095,0,length,1,1,1,1,1,1,1,1,"The response is entirely empty; no function, explanation, or code was provided. Nothing meets any of the task's requirements.","The model provided an empty response with no code or explanation. As no implementation of the requested `diff` function was delivered, all criteria receive a score of 1 per the grading rules."
t11_median,hard,3126,2781,stop,4,5,4,4,5,5,5,5,"The core implementation is correct: the two-heap invariant, rebalancing, O(log n) add, O(1) median, even-count averaging, and a clear ValueError on an empty stream are all handled properly. However, the usage example's stated output is wrong \u2014 after adding [5,1,3,8] the median is (3+5)/2 = 4.0, not the claimed 3.5, and odd-count medians would print as ints (5, 3) rather than the shown 5.0/3.0. Minor quality nits: an unused `Union` import and legacy `# type:` comments alongside modern annotations, though naming and comments are otherwise clear.","The implementation correctly uses the two-heap technique with Python's heapq to achieve O(log n) insertions and O(1) median queries. It properly balances the heaps, computes the average for even counts, and raises an informative ValueError when called on an empty stream. The code is clean, idiomatic, and includes type annotations."
t12_bsearch,hard,1599,1444,stop,5,5,5,5,5,5,5,5,"The diagnosis is exactly right (early return on match skips earlier duplicates), and the concrete input [2,2,3] with target 2 genuinely triggers the bug with a correct execution trace returning 1 instead of 0. The corrected implementation using a recorded candidate plus continued leftward search is the standard, correct O(log n) solution and handles empty lists and absent targets (returns -1). Code is concise, idiomatic, and appropriately commented.","The model accurately identifies the early return on match as the defect and provides a minimal, working counterexample (`xs = [2, 2, 3]`, `target = 2`) with a clear execution trace. The corrected implementation cleanly records candidate indices while narrowing the search window to the left, properly handling duplicates, empty lists, and missing elements."
